[
    {
      "CourseID": 6001,
      "Title": "Web Stack Development",
      "Instructor": "Ms Surbhi Saxena",
      "Duration": "15 hours",
      "Rating": 4.9,
      "Price": "$25",
      "Enrolled": 2500
    },
    {
      "CourseID": 6002,
      "Title": "Advanced Database Design",
      "Instructor": "Sudhakar T",
      "Duration": "12 hours",
      "Rating": 4.7,
      "Price": "$28",
      "Enrolled": 1000
    },
    {
      "CourseID": 6003,
      "Title": "Python Programming",
      "Instructor": "Jobin Francis",
      "Duration": "10 hours",
      "Rating": 4.3,
      "Price": "$15",
      "Enrolled": 1750
    },
    {
      "CourseID": 6004,
      "Title": "Programming in C",
      "Instructor": "Mrs Nisha",
      "Duration": "13 hours",
      "Rating": 4.4,
      "Price": "$28",
      "Enrolled": 1225
    },
    {"CourseID": 6005,
      "Title": "Research Methodology",
      "Instructor": "Ms Anita",
      "Duration": "07 hours",
      "Rating": 4.6,
      "Price": "$10",
      "Enrolled": 2000
    },
    {
      "CourseID": 6006,
      "Title": "Foundational Mathematics",
      "Instructor": "Ms Jinny Ann John",
      "Duration": "25 hours",
      "Rating": 4.8,
      "Price": "$30",
      "Enrolled": 3000
    },
    {
      "CourseID": 6007,
      "Title": "Java Programming",
      "Instructor": "Dr Anil Gupta",
      "Duration": "20 hours",
      "Rating": 4.4,
      "Price": "$35",
      "Enrolled": 1575
    },
    {
     "CourseID": 6008,
      "Title": "Business Communication",
      "Instructor": "Dr Shaweta Singh",
      "Duration": "25 hours",
      "Rating": 5.0,
      "Price": "$15",
      "Enrolled": 4500
    },
    {"CourseID": 6009,
      "Title": "Accounting",
      "Instructor": "Ms Tawishi Dodhray",
      "Duration": "08 hours",
      "Rating": 4.4,
      "Price": "$28",
      "Enrolled": 1800
    }
  ]
  